fold,held_out,n_train_records,train_N,train_S,train_V,train_F,held_out_N,held_out_S,held_out_V,held_out_F
1,101,20,42339,813,3588,412,1859,3,0,0
2,106,20,42691,816,3068,412,1507,0,520,0
3,108,20,42459,812,3571,410,1739,4,17,2
4,109,20,41708,816,3550,410,2490,0,38,2
5,112,20,41663,814,3588,412,2535,2,0,0
6,114,20,42379,804,3545,408,1819,12,43,4
7,115,20,42247,816,3588,412,1951,0,0,0
8,116,20,41898,815,3479,412,2300,1,109,0
9,118,20,42033,720,3572,412,2165,96,16,0
10,119,20,42656,816,3144,412,1542,0,444,0
11,122,20,41724,816,3588,412,2474,0,0,0
12,124,20,42664,785,3541,407,1534,31,47,5
13,203,20,41670,814,3144,411,2528,2,444,1
14,205,20,41629,813,3517,401,2569,3,71,11
15,207,20,42656,709,3379,412,1542,107,209,0
16,208,20,42613,814,2597,40,1585,2,991,372
17,209,20,41579,433,3587,412,2619,383,1,0
18,215,20,41006,813,3424,411,3192,3,164,1
19,220,20,42247,722,3588,412,1951,94,0,0
20,223,20,42155,743,3115,398,2043,73,473,14
21,230,20,41944,816,3587,412,2254,0,1,0
