record,split,nan_samples,flat_seconds,saturated_samples,adc_min,adc_max,artifact_marks_|,quality_changes_~,excluded_beats
100,test,0,0,0,481,1311,0,0,0
101,train,0,0,0,389,1508,4,4,2
103,test,0,0,0,502,1649,0,6,0
105,test,0,0,0,281,1624,30,88,5
106,train,0,0,0,611,1538,0,30,0
108,train,0,0,0,417,1497,8,41,0
109,val,0,0,0,385,1650,0,2,0
111,test,0,0,0,460,1499,0,8,0
112,train,0,0,0,497,1188,0,10,0
113,test,0,0,0,779,1534,0,0,0
114,train,0,0,0,523,1778,1,7,0
115,train,0,0,0,447,1506,6,2,0
116,train,0,0,928,0,2047,0,8,0
117,test,0,0,0,421,1166,0,3,0
118,train,0,0,0,406,1503,0,12,0
119,train,0,0,0,427,1524,0,4,0
121,test,0,0,0,134,1304,0,12,0
122,train,0,0,0,584,1274,2,0,0
123,test,0,0,0,405,1436,0,0,0
124,train,0,0,0,303,1543,0,2,0
200,test,0,0,0,485,1500,0,43,0
201,val,0,0,0,761,1433,0,4,0
202,test,0,0,0,473,1608,2,0,0
203,train,0,0,0,163,1752,26,57,4
205,val,0,0,0,589,1315,1,2,0
207,train,0,0,0,233,1481,2,15,0
208,train,0,0,0,327,1754,8,24,2
209,train,0,0,0,733,1401,7,19,0
210,test,0,0,0,700,1688,1,17,0
212,test,0,0,0,653,1533,1,13,0
213,test,0,0,0,518,1681,0,0,0
214,test,0,0,0,478,1584,5,4,2
215,train,0,0,0,748,1524,0,30,0
219,test,0,0,0,570,1554,0,0,0
220,train,0,0,0,599,1407,0,4,0
221,test,0,0,0,746,1470,0,12,0
222,test,0,0,0,800,1345,0,15,0
223,val,0,0,0,362,1545,0,10,0
228,test,0,0,0,549,1602,24,20,0
230,train,0,0,0,397,1547,1,2,0
231,test,0,0,0,753,1434,0,0,0
232,test,0,0,0,800,1264,0,35,0
233,test,0,0,0,427,1615,2,0,0
234,test,0,0,0,501,1596,0,8,0
