record,split,N,S,V,F,total,excluded_beats,non_beat_annotations,edge_dropped,n_samples,nan_samples,raw_min_mV,raw_max_mV,raw_p1_mV,raw_p99_mV,raw_std_mV,clipped_fraction,median_rr_s
101,train,1859,3,0,0,1862,2,9,1,650000,0,-3.175,2.42,-0.62,1.095,0.26115644466717464,0.013118035042964554,0.9777777791023254
106,train,1507,0,520,0,2027,0,71,0,650000,0,-2.065,2.57,-0.93,1.5,0.36806037646598694,0.0070936883325111,0.9361110925674438
108,train,1739,4,17,2,1762,0,61,1,650000,0,-3.035,2.365,-1.045,0.665,0.30080342968014545,0.0026259665862656072,1.0277777910232544
112,train,2535,2,0,0,2537,0,11,2,650000,0,-2.635,0.82,-1.315,-0.06,0.22355213385073205,4.619136775719353e-06,0.7111111283302307
114,train,1819,12,43,4,1878,0,11,1,650000,0,-2.505,3.77,-0.465,1.955,0.3754537104996844,0.012749392638445154,0.9444444179534912
115,train,1951,0,0,0,1951,0,9,2,650000,0,-2.885,2.41,-1.28,1.4,0.3634339997338794,0.013873093926191696,0.9111111164093018
116,train,2300,1,109,0,2410,0,9,2,650000,0,-5.12,5.115,-2.22,2.135,0.6641149274038715,0.012858207987551867,0.7472222447395325
118,train,2165,96,16,0,2277,0,23,1,650000,0,-3.09,2.395,-2.17,0.505,0.4280378470484908,2.5732872200263504e-05,0.8055555820465088
119,train,1542,0,444,0,1986,0,107,1,650000,0,-2.985,2.5,-2.2,1.645,0.5354851456733991,0.010039023162134945,0.9027777910232544
122,train,2474,0,0,0,2474,0,3,2,650000,0,-2.2,1.25,-1.205,0.795,0.36585352722784764,3.473625707356508e-05,0.7277777791023254
124,train,1534,31,47,5,1617,0,15,2,650000,0,-3.605,2.595,-1.695,1.24,0.4618418639185684,0.016651689084724797,1.1222221851348877
203,train,2528,2,444,1,2975,4,128,1,650000,0,-4.305,3.64,-1.49,1.52,0.49549454639814206,0.0010445115546218488,0.6111111044883728
207,train,1542,107,209,0,1858,0,525,2,650000,0,-3.955,2.285,-1.395,0.645,0.3541490256228071,0.0017155543595263724,0.9305555820465088
208,train,1585,2,991,372,2950,2,85,3,650000,0,-3.485,3.65,-1.055,1.485,0.4823349709892245,0.0024781514830508476,0.5777778029441833
209,train,2619,383,1,0,3003,0,47,2,650000,0,-1.455,1.885,-0.775,1.0,0.2681100108955238,0.009707740176490176,0.625
215,train,3192,3,164,1,3360,0,37,3,650000,0,-1.38,2.5,-0.86,0.81,0.2820310533932085,0.00086669921875,0.5333333611488342
220,train,1951,94,0,0,2045,0,21,3,650000,0,-2.125,1.915,-1.285,1.3,0.31854127030007845,0.013265013753056235,0.8916666507720947
230,train,2254,0,1,0,2255,0,210,1,650000,0,-3.135,2.615,-1.125,1.365,0.3545909786029381,0.0049689925166297114,0.7944444417953491
109,val,2490,0,38,2,2530,0,3,2,650000,0,-3.195,3.13,-1.055,1.55,0.499214010860303,1.5439723320158103e-06,0.7138888835906982
201,val,1634,128,198,2,1962,0,76,1,650000,0,-1.315,2.045,-0.49,0.76,0.19387448714726213,0.010253408511722732,0.8624999523162842
205,val,2569,3,71,11,2654,0,16,2,650000,0,-2.175,1.455,-0.56,0.715,0.19677939049519838,0.01698129592125094,0.6722221970558167
223,val,2043,73,473,14,2603,0,38,2,650000,0,-3.31,2.605,-1.225,1.36,0.4070061088457228,0.004738372791010373,0.6972222328186035
100,test,2237,33,1,0,2271,0,1,2,650000,0,-2.715,1.435,-0.545,0.825,0.19319954213721688,0.016859141072214884,0.7972221970558167
103,test,2080,2,0,0,2082,0,7,2,650000,0,-2.61,3.125,-0.65,1.53,0.32184030156059595,0.01464374699807877,0.8694444298744202
105,test,2525,0,41,0,2566,5,119,1,650000,0,-3.715,3.0,-1.315,1.22,0.40508494143776247,0.0020185843725643022,0.7027778029441833
111,test,2122,0,1,0,2123,0,9,1,650000,0,-2.82,2.375,-0.705,0.67,0.25702995644206245,0.0002962346914743288,0.8527777791023254
113,test,1787,6,0,0,1793,0,1,2,650000,0,-1.225,2.55,-0.73,1.65,0.4126006237858407,0.0041513437674288904,1.0138888359069824
117,test,1532,1,0,0,1533,0,4,2,650000,0,-3.015,0.71,-1.475,-0.165,0.23894664986849626,3.6947570123939985e-05,1.1805555820465088
121,test,1859,1,1,0,1861,0,13,2,650000,0,-4.45,1.4,-1.585,0.155,0.30132826460801837,0.010570593766792048,0.9972222447395325
123,test,1514,0,3,0,1517,0,1,1,650000,0,-3.095,2.06,-1.465,0.825,0.2904780443681975,0.01229812129202373,1.1972222328186035
200,test,1742,30,825,2,2599,0,191,2,650000,0,-2.695,2.38,-1.755,0.92,0.38012129347870405,0.002716639813389765,0.6694444417953491
202,test,2060,55,19,1,2135,0,10,1,650000,0,-2.755,2.92,-0.51,1.25,0.29752387685135556,0.009886380269320844,0.8861111402511597
210,test,2420,22,195,10,2647,0,35,3,650000,0,-1.62,3.32,-0.6,0.98,0.2611916602703909,0.005055841518700415,0.6861110925674438
212,test,2746,0,0,0,2746,0,15,2,650000,0,-1.855,2.545,-0.825,1.16,0.33130133933362604,0.005273295247632921,0.6555555462837219
213,test,2638,28,220,362,3248,0,43,3,650000,0,-2.53,3.285,-1.49,2.275,0.6712426148008797,0.00020685806650246305,0.5555555820465088
214,test,2001,0,256,1,2258,2,35,2,650000,0,-2.73,2.8,-0.825,1.9,0.4700658289539488,0.0027610163861824626,0.7916666865348816
219,test,2081,7,64,1,2153,0,158,1,650000,0,-2.27,2.65,-1.605,1.605,0.5512893196386043,0.007805242684626103,0.8027777671813965
221,test,2029,0,396,0,2425,0,35,2,650000,0,-1.39,2.23,-0.775,1.235,0.30077782916092216,0.009344394329896907,0.7111111283302307
222,test,2272,209,0,0,2481,0,151,2,650000,0,-1.12,1.605,-0.57,0.525,0.1856656808447066,0.009077583383716243,0.7611111402511597
228,test,1687,3,362,0,2052,0,88,1,650000,0,-2.375,2.89,-0.98,1.175,0.34637480185948555,0.001983583089668616,0.8722222447395325
231,test,1566,1,2,0,1569,0,440,2,650000,0,-1.355,2.05,-0.905,1.045,0.27196043633236466,0.006511661488209051,0.9777777791023254
232,test,398,1382,0,0,1780,0,36,0,650000,0,-1.12,1.2,-0.53,0.435,0.16507075836856455,0.0020222524578651685,0.7388888597488403
233,test,2229,7,830,11,3077,0,73,2,650000,0,-2.985,2.955,-1.86,1.63,0.5436778848559729,2.98332385440364e-05,0.5888888835906982
234,test,2699,50,3,0,2752,0,11,1,650000,0,-2.615,2.86,-0.775,1.41,0.3374775486478063,0.01651710687681686,0.6583333611488342
